R2,RMSE,MAE
0.7922869509075288,0.81006784619444,0.6316124801437089
