R2,RMSE,MAE
0.8497000615583349,2.139341024236352,1.6519698913516736
