R2,RMSE,MAE
0.8095418212624826,2.030797877816806,1.5267622216424732
