R2,RMSE,MAE
0.6991175068629006,57.354818766952576,37.103809857485274
