R2,RMSE,MAE
0.5356772629824031,2.3172551220190565,1.66986096282175
