R2,RMSE,MAE
0.46563606017436987,2.4331085200087377,1.7035821666091902
