R2,RMSE,MAE
0.7473046720577311,4.42500139960763,3.25166509081695
