{
  "selected_model_type": "BE",
  "average_R2": 0.8041134710120439,
  "average_scores": {
    "Base": 0.8015896625375125,
    "BE": 0.8041134710120439,
    "Tuned": 0.8035689875486375
  }
}