R2,RMSE,MAE
0.7723902595888349,0.676458645598155,0.4597701259906787
