R2,RMSE,MAE
0.8205948980235578,0.8808358795610641,0.6085122917086828
