R2,RMSE,MAE
0.6976346777193803,0.6979301382819342,0.4367378682046743
