R2,RMSE,MAE
0.8471043668513702,0.6419521481801095,0.48852461282155346
