R2,RMSE,MAE
0.8611538135287135,0.15915029448576398,0.12127484895745771
