모델,alpha,R²
Ridge,4.714866363457395,0.8286252365130319
Lasso,0.004094915062380427,0.8285871151436585
ElasticNet,0.004094915062380427,0.8286001936356648
