모델,alpha,R²
Ridge,10.985411419875572,0.7484954371442101
Lasso,0.655128556859551,0.7483096984951407
ElasticNet,0.28117686979742307,0.7480326645557227
