모델,alpha,R²
Ridge,0.868511373751352,0.8165253095602407
Lasso,0.016768329368110083,0.8164341671078372
ElasticNet,0.012648552168552958,0.8164570230022077
