모델,alpha,R²
Ridge,4.714866363457395,0.7890267815178824
Lasso,0.009540954763499945,0.7883915007592385
ElasticNet,0.009540954763499945,0.7884612209776716
