모델,alpha,R²
Ridge,2.6826957952797246,0.8101671561573227
Lasso,0.022229964825261943,0.809952905483878
ElasticNet,0.022229964825261943,0.8099111553655525
