모델,alpha,R²
Ridge,0.655128556859551,0.8181005471944276
Lasso,0.012648552168552958,0.8178949942631732
ElasticNet,0.012648552168552958,0.8178751217452593
