모델,alpha,R²
Ridge,0.655128556859551,0.8305202126390708
Lasso,0.009540954763499945,0.8304762249569639
ElasticNet,0.009540954763499945,0.8304732558995093
