모델,alpha,R²
Ridge,0.001,0.8649250572382639
Lasso,0.009540954763499945,0.8648894193088523
ElasticNet,0.0071968567300115215,0.8648976911063757
