모델,alpha,R²
Ridge,4.714866363457395,0.8341093561291719
Lasso,0.005428675439323859,0.8340990508309318
ElasticNet,0.0071968567300115215,0.8340660217911532
