모델,alpha,R²
Ridge,0.28117686979742307,0.894551397149289
Lasso,0.001,0.8944987718909453
ElasticNet,0.001,0.8945452087589534
