모델,alpha,R²
Ridge,2.6826957952797246,0.8264607981357673
Lasso,0.012648552168552958,0.8264413715611998
ElasticNet,0.012648552168552958,0.8264370133095492
