모델,alpha,R²
Ridge,8.286427728546842,0.8476461903577739
Lasso,0.009540954763499945,0.8476679669388638
ElasticNet,0.022229964825261943,0.8474250787610768
