모델,alpha,R²
Ridge,2.023589647725158,0.731931689513115
Lasso,0.06866488450043001,0.7310498375457128
ElasticNet,0.022229964825261943,0.7318134716786022
