모델,alpha,R²
Ridge,4.714866363457395,0.6973866936302141
Lasso,0.005428675439323859,0.6973961500395446
ElasticNet,0.005428675439323859,0.6973746393867544
