모델,alpha,R²
Ridge,2.6826957952797246,0.8333319757204513
Lasso,0.002329951810515372,0.8332550581952705
ElasticNet,0.002329951810515372,0.8332682308871291
