모델,alpha,R²
Ridge,1.151395399326447,0.8358892735943819
Lasso,0.016768329368110083,0.8352003304073412
ElasticNet,0.012648552168552958,0.8354118973079224
