모델,alpha,R²
Ridge,14.563484775012444,0.6929760989921432
Lasso,0.03906939937054617,0.6931089735980865
ElasticNet,0.0517947467923121,0.6929667107499553
