모델,alpha,R²
Ridge,4.714866363457395,0.7454272671003712
Lasso,0.016768329368110083,0.7442486237886836
ElasticNet,0.016768329368110083,0.7443605046229844
