모델,alpha,R²
Ridge,0.3727593720314938,0.8612381979730089
Lasso,0.0013257113655901094,0.8612210977079068
ElasticNet,0.0013257113655901094,0.8612222464238491
