모델,alpha,R²
Ridge,25.595479226995334,0.6829876968612368
Lasso,0.001,0.6838038469640066
ElasticNet,0.029470517025518096,0.6832758255485737
