R2,RMSE,MAE
0.7284135146100139,2.165175711226995,1.4196157985119964
