R2,RMSE,MAE
0.7423200655056574,2.143749738836829,1.426007901360987
