R2,RMSE,MAE
0.706817210816812,4.7243026039503,3.4347740630854857
