R2,RMSE,MAE
0.4598892730837222,2.4461568965352107,1.7234493287754418
