R2,RMSE,MAE
0.7335476439946675,0.9690607705042761,0.7213029574560603
