R2,RMSE,MAE
0.7987195039459402,0.872341464527294,0.6401091129494803
