R2,RMSE,MAE
0.8423891276578622,1.3200571506875531,0.9943876425682112
