R2,RMSE,MAE
0.8056593918107501,2.082802459435002,1.5396139648493643
