R2,RMSE,MAE
0.8384619665446327,2.233332098762269,1.7279023533816729
