R2,RMSE,MAE
0.7355867112418957,0.37454763625435306,0.2410117082525054
