R2,RMSE,MAE
0.6979917335382007,4.794881589800426,3.4003588472416895
