R2,RMSE,MAE
0.8099796466319804,2.0284623351501323,1.4853207078624504
