R2,RMSE,MAE
0.7117261439270484,56.14021622601108,37.250986717841386
