R2,RMSE,MAE
0.7568713596240713,49.56763234641924,34.5168113802129
