R2,RMSE,MAE
0.7065099894635751,1.744043374295626,1.345298265073234
