R2,RMSE,MAE
0.7681121668396349,2.8302278392443307,2.1282360417406743
