R2,RMSE,MAE
0.6890965451136489,2.1771298842910674,1.4721861272797074
