R2,RMSE,MAE
0.7713572868378799,2.847981952972141,2.109250325164944
