R2,RMSE,MAE
0.711125852296203,1.2379089192311417,0.8056246333119299
