R2,RMSE,MAE
0.8345901595911411,2.25993830569726,1.7503606265844736
