R2,RMSE,MAE
0.6942356781391794,0.7018420197223181,0.4350976093560503
