R2,RMSE,MAE
0.7928397188817145,0.8089892479307874,0.6281884800675877
