R2,RMSE,MAE
0.8536608380483985,1.6965643302302027,1.2524611549452407
