R2,RMSE,MAE
0.6828758815170177,0.7193997326084675,0.4385998340162592
