R2,RMSE,MAE
0.8692801457466989,0.15552667144608945,0.11893411613648192
