R2,RMSE,MAE
0.8584917194708397,0.16066874282704732,0.12204477715776742
