R2,RMSE,MAE
0.8260022717789024,1.8499578739806373,1.4016191426435278
