R2,RMSE,MAE
0.8043407803797753,0.6166081120585468,0.4423549195842882
