R2,RMSE,MAE
0.7914061698014816,0.9455311019133059,0.6687536154719095
