R2,RMSE,MAE
0.8286079359897146,1.3756323972163984,1.0148954615816899
