R2,RMSE,MAE
0.7249257123836214,1.714478045887217,1.3209138109553389
