R2,RMSE,MAE
0.7952574411403921,1.9885773734342889,1.3726258050715243
