R2,RMSE,MAE
0.6903736696518055,2.172653692046969,1.4722757906101294
