R2,RMSE,MAE
0.7342292465208571,2.141867805273918,1.3994871703603187
