R2,RMSE,MAE
0.7739879176405663,2.8315509383169957,2.1092126372052626
