R2,RMSE,MAE
0.7122868393365,0.394414604385816,0.24623500714555877
