R2,RMSE,MAE
0.7198130510487745,1.2756806178465288,0.8083324514956204
