R2,RMSE,MAE
0.732666537516959,0.3766102045005694,0.24668061134874744
