R2,RMSE,MAE
0.7084536464318959,1.7382587599527473,1.3589205872417183
