R2,RMSE,MAE
0.6973437827187855,2.2071150602762377,1.5313392609374104
