R2,RMSE,MAE
0.7444078912511263,0.9491065073235423,0.701878856150468
