R2,RMSE,MAE
0.7339884306353226,1.1879129482931592,0.7576470063963066
