R2,RMSE,MAE
0.7768845661150475,0.8167846865014879,0.6289998306344837
