R2,RMSE,MAE
0.8235533924933747,0.8735429404093171,0.6299344025150208
