R2,RMSE,MAE
0.8586236411162805,0.6233749948255382,0.48725369081894976
