R2,RMSE,MAE
0.8470428081187145,0.6420813663369699,0.49585420651378626
