R2,RMSE,MAE
0.828913938978533,1.3744038231714522,1.028555344891862
