R2,RMSE,MAE
0.7966890704777674,0.6285494322344961,0.44426080413508284
